Rank,Sector,AvgReturn_3M,StockCount
1,지주회사,36.280380951125586,15
2,기타,26.492967034317736,5
3,금융지주회사,16.41452172123526,3
4,부동산투자,10.943977347055425,3
